SourceIP,DestinationIP,SourcePort,DestinationPort,TimeStamp,Duration,FlowBytesSent,FlowSentRate,FlowBytesReceived,FlowReceivedRate,PacketLengthVariance,PacketLengthStandardDeviation,PacketLengthMean,PacketLengthMedian,PacketLengthMode,PacketLengthSkewFromMedian,PacketLengthSkewFromMode,PacketLengthCoefficientofVariation,PacketTimeVariance,PacketTimeStandardDeviation,PacketTimeMean,PacketTimeMedian,PacketTimeMode,PacketTimeSkewFromMedian,PacketTimeSkewFromMode,PacketTimeCoefficientofVariation,ResponseTimeTimeVariance,ResponseTimeTimeStandardDeviation,ResponseTimeTimeMean,ResponseTimeTimeMedian,ResponseTimeTimeMode,ResponseTimeTimeSkewFromMedian,ResponseTimeTimeSkewFromMode,ResponseTimeTimeCoefficientofVariation,DoH
5.63.153.214,192.168.1.19,443,65403,2021-09-30 15:52:44,0.360120,682,1893.813173386648894812840164,364,1010.774186382317005442630234,17088.96,130.72474899574297,209.2,256.0,54,-1.0740123892268643,1.1872273704274166,0.6248792973027867,0.0225727330412,0.1502422478572521890767471160,0.157558,0.066049,0.0,1.827229051184277721349909796,1.0486930423837817,0.9535678788589103001862623034,5.6325025E-7,0.0007505,0.0430335,0.0430335,0.042283,0,1.0000000000000016,0.01743990147210893838521152126,False
192.168.1.19,192.168.1.1,54599,53,2021-09-30 15:52:44,0.017541,82,4674.761986203751211447465937,267,15221.48110141953138361552933,8556.25,92.5,174.5,174.5,82,0.0,1.0,0.5300859598853869,0.00007692167025,0.0087705,0.0087705,0.0087705,0.0,0,1.0,1,0E-12,0.000000,0.017541,0.017541,0.017541,-10,-10,0,False
192.168.1.19,13.127.175.43,65410,80,2021-09-30 15:52:44,0.099349,1218,12259.81137203192785030548873,752,7569.275986673242810697641647,84829.8,291.25555788688393,197.0,54.0,54,1.4729332655914926,0.49097775519716425,1.4784546085628627,0.00087988319004,0.02966282505156917787399918742,0.0573504,0.067171,0.034624,-0.9932229970941846096689514841,0.7661576387444514,0.5172208921222725190059561471,0.0001900197031875,0.01378476344329129211335843556,0.02477575,0.0317385,0.001002,-1.515314360375607417492032133,1.724639679005163,0.5563812777934590118708186658,False
192.168.1.19,15.206.9.63,64852,8080,2021-09-30 15:52:44,6.219000,1511,242.9651069303746583051937611,1613,259.3664576298440263707991639,50052.765432098764,223.72475373122833,347.1111111111111,435.0,54,-1.1785314868797336,1.3101416192114352,0.644533541479211,6.904421617386246913580246914,2.627626613007686621908214748,2.602890555555555555555555556,1.586569,0.034624,1.160349286909032954149307946,0.9774092494122728,1.009503302933477144839783153,0.00000481672622222222222222222222,0.002194704130907449270029568414,0.03152133333333333333333333333,0.030042,0.029898,2.022140450505740891958545137,0.739659305540254,0.06962599290134033892484143271,False
194.55.30.46,192.168.1.19,443,65344,2021-09-30 15:52:45,0.000000,54,-1,54,-1,0.0,0.0,54.0,54.0,54,-10,-10,0.0,0E-12,0.000000,0.000000,0.000000,0.0,-10,-10,-1,0E-12,0.000000,0.000000,0.000000,0.0,-10,-10,-1,False
192.168.1.19,192.168.1.1,53712,53,2021-09-30 15:52:45,0.003012,84,27888.44621513944223107569721,198,65737.05179282868525896414343,3249.0,57.0,141.0,141.0,84,0.0,1.0,0.40425531914893614,0.000002268036,0.001506,0.001506,0.001506,0.0,0,1.0,1,0E-12,0.000000,0.003012,0.003012,0.003012,-10,-10,0,False
192.168.1.19,34.107.221.82,65417,80,2021-09-30 15:52:45,19.292639,692,35.86860252762724684787809485,596,30.89261142552866925048460193,12342.055555555557,111.09480435895982,107.33333333333333,54.5,54,1.4267093849669932,0.4800704555093983,1.0350447611083213,67.47266169509702083333333333,8.214174437829831041950924287,6.50801175,0.033070,0.013404,2.364793369926534109934829797,0.7906586108141943,1.262163430763601654829668107,0.00005530031425,0.007436418106185262092898093831,0.0183485,0.0148845,0.012625,1.397446976704607852556588159,0.7696581765943824,0.4052875224778735097091366505,False
192.168.1.19,192.168.1.1,57959,53,2021-09-30 15:52:45,0.003200,102,31875,118,36875,64.0,8.0,110.0,110.0,102,0.0,1.0,0.07272727272727272,0.000002560000,0.001600,0.001600,0.001600,0.0,0,1.0,1,0E-12,0.000000,0.003200,0.003200,0.0032,-10,-10,0,False
192.168.1.19,192.168.1.1,49522,53,2021-09-30 15:52:45,0.004004,102,25474.52547452547452547452547,130,32467.53246753246753246753247,196.0,14.0,116.0,116.0,102,0.0,1.0,0.1206896551724138,0.000004008004,0.002002,0.002002,0.002002,0.0,0,1.0,1,0E-12,0.000000,0.004004,0.004004,0.004004,-10,-10,0,False
192.168.1.19,192.168.1.1,52591,53,2021-09-30 15:52:45,0.003001,86,28657.11429523492169276907697,118,39320.22659113628790403198934,256.0,16.0,102.0,102.0,86,0.0,1.0,0.1568627450980392,0.00000225150025,0.0015005,0.0015005,0.0015005,0.0,0,1.0,1,0E-12,0.000000,0.003001,0.003001,0.003001,-10,-10,0,False
192.168.1.19,192.168.1.1,50060,53,2021-09-30 15:52:45,0.008112,71,8752.465483234714003944773176,87,10724.85207100591715976331361,64.0,8.0,79.0,79.0,71,0.0,1.0,0.10126582278481013,0.000016451136,0.004056,0.004056,0.004056,0.0,0,1.0,1,0E-12,0.000000,0.008112,0.008112,0.008112,-10,-10,0,False
192.168.1.19,192.168.1.1,58518,53,2021-09-30 15:52:45,0.005003,73,14591.24525284829102538476914,105,20987.40755546671996801918849,256.0,16.0,89.0,89.0,73,0.0,1.0,0.1797752808988764,0.00000625750225,0.0025015,0.0025015,0.0025015,0.0,0,1.0,1,0E-12,0.000000,0.005003,0.005003,0.005003,-10,-10,0,False
192.168.1.19,104.16.249.249,65418,443,2021-09-30 15:52:45,0.119272,1506,12626.60138171574216915956805,4306,36102.35428264806492722516601,159382.47222222222,399.2273440312202,242.16666666666666,54.0,54,1.4139813027332497,0.4713271009110832,1.6485643937971928,0.001878457180743055555555555553,0.04334117188936007018123969378,0.07654041666666666666666666667,0.1013115,0.030912,-1.714610998283674482004785024,1.0527730256843402,0.5662521028349084004364538619,0.00002011318358333333333333333333,0.004484772411542567154589882511,0.0080605,0.006675,0.002995,0.9268028828625317720675694621,1.129488753311718,0.5563888606838989088257406502,True
192.168.1.19,104.16.249.249,65419,443,2021-09-30 15:52:45,0.118269,1506,12733.68338279684448164776907,4252,35951.94006882615055509051400,164705.79206049154,405.8396137151862,250.34782608695653,54.0,54,1.4514193744385284,0.4838064581461762,1.6211030071985555,0.001819870736453686200378071834,0.04265994299637173917889327181,0.07279826086956521739130434783,0.096814,0.113273,-1.688872800355875272488080539,-0.94877621223913,0.5860022270697759150448799849,0.0000237454658888888888888888889,0.004872931960215419310804668348,0.007619333333333333333333333333,0.0084005,0.0,-0.4809219622053578031799346248,1.5636034723120786,0.6395483367156469477825708743,True
192.168.1.19,104.16.249.249,65420,443,2021-09-30 15:52:45,0.118269,1506,12733.68338279684448164776907,4252,35951.94006882615055509051400,164705.7920604915,405.83961371518615,250.34782608695653,54.0,54,1.4514193744385286,0.48380645814617623,1.6211030071985553,0.001802214577330812854442344046,0.04245249789271313130892641291,0.07163186956521739130434782609,0.097809,0.113273,-1.849865030387942134721884223,-0.9808876391683471,0.5926481906780635168493180391,0.00001014264224489795918367346939,0.003184751520118635438104664916,0.007319428571428571428571428571,0.006997,0.003112,0.3037240764860932845515757161,1.3211167479941541,0.4351093106571638704569571085,True
192.168.1.19,104.16.249.249,65421,443,2021-09-30 15:52:45,19.256458,40469,2101.580674909165538127520648,75953,3944.287158105607999145014104,26745.171379937063,163.53951014949587,151.59114583333334,85.0,54,1.2215606939104915,0.5967435376571855,1.0788196714951883,23.68395569234362101067437082,4.866616452150674777960873496,6.727856009114583333333333333,4.9514395,0.11427,1.095062571653582140597019744,1.3589700511927296,0.7233532414423869029594942584,0.0001651080609739102040816326535,0.01284943815790831393351977900,0.006279325714285714285714285714,0.002998,0.0,0.7661017565035378345855497126,0.4886848465371259,2.046308591490219093920877151,True
192.168.1.19,192.168.1.1,50934,53,2021-09-30 15:52:45,0.008456,86,10170.29328287606433301797540,118,13954.58845789971617786187323,256.0,16.0,102.0,102.0,86,0.0,1.0,0.1568627450980392,0.000017875984,0.004228,0.004228,0.004228,0.0,0,1.0,1,0E-12,0.000000,0.008456,0.008456,0.008456,-10,-10,0,False
192.168.1.19,104.16.249.249,65422,443,2021-09-30 15:52:45,0.113272,1506,13295.43046825340772653435977,4251,37529.13341337665089342467688,164695.3421550095,405.8267390833304,250.30434782608697,54.0,54,1.4511440148287924,0.4837146716095975,1.621333159443564,0.001347926802245746691871455576,0.03671412265390181827423065753,0.07272556521739130434782608696,0.092812,0.108276,-1.641311299084576886547288275,-0.9683040806323217,0.5048310390459797764480316252,0.00006357438222222222222222222223,0.007973354515022031943804880274,0.009148333333333333333333333333,0.007257,0.0,0.7116201831123925165285654123,1.1473631726894378,0.8715636197874328960253102869,True
192.168.1.19,192.168.1.1,49506,53,2021-09-30 15:52:45,0.016449,86,5228.281354489634628244878108,142,8632.743631831722293148519667,784.0,28.0,114.0,114.0,86,0.0,1.0,0.24561403508771928,0.00006764240025,0.0082245,0.0082245,0.0082245,0.0,0,1.0,1,0E-12,0.000000,0.016449,0.016449,0.016449,-10,-10,0,False
192.168.1.19,34.107.221.82,65423,80,2021-09-30 15:52:45,19.238564,694,36.07337844965975631029426105,514,26.71717078260102988975684464,9542.388888888889,97.68515183429307,100.66666666666667,54.5,54,1.4178203892741312,0.47772528158454486,0.9703823029896662,67.01938634577641666666666667,8.186536895768345382328867648,6.5067365,0.0790255,0.01174,2.355468893075841485325143448,0.7933753408425107,1.258163273673114837573162468,0.0001081712651875,0.01040054158145141978259815681,0.02214675,0.020424,0.01174,0.4969212381417890244680736776,1.0005969322366493,0.4696193157664858176751964424,False
192.168.1.19,104.16.249.249,65424,443,2021-09-30 15:52:46,0.063108,1452,23008.17645940292831336756037,4251,67360.71496482220954554097737,170350.26652892565,412.7351045512432,259.22727272727275,60.0,54,1.44810027446457,0.49723726056791645,1.5921746975499473,0.0003625546734297520661157024794,0.01904086850513263919892515655,0.03841454545454545454545454545,0.042149,0.058112,-0.5883851166423247894335185890,-1.0344829880078694,0.4956681975493634778213193915,0.000006585835333333333333333333333,0.002566288240500924972691767372,0.007340,0.008201,0.004,-1.006512035255951212333606548,1.3014905914653028,0.3496305504769652551351181706,True
192.168.1.19,52.202.62.233,65425,443,2021-09-30 15:52:46,4.668169,1582,338.8909013362626760085164012,5500,1178.192134860584524681947033,223310.94896030237,472.5578789527293,307.9130434782609,66.0,54,1.5357677075306566,0.5373162839671121,1.534712117468621,1.827855433374253308128544423,1.351982038850462431737298745,3.627181086956521739130434783,3.949488,3.934768,-0.7151875626636059116915084635,-0.227508135614736,0.3727362947806052997312965594,0.02508807430725,0.1583921535532931631211133156,0.2282445,0.3118055,0.005065,-1.582673095707700852385040096,1.4090312871774184,0.6939582489536140547575661871,False
192.168.1.19,34.117.237.239,65426,443,2021-09-30 15:52:46,19.107868,1946,101.8428638925075262190423338,6862,359.1190812078040313027073455,184495.44000000006,429.5293237952446,293.6,85.0,54,1.456943601592885,0.5578198896478991,1.4629745360873452,31.54341857617374333333333333,5.616352782382330310780249422,2.2831677,0.562815,0.811399,0.9189341018942893817734163394,0.2620506148788803,2.459894988170308431912491326,0.003409470725551020408163265307,0.05839067327537010347812373577,0.03984785714285714285714285714,0.014741,0.005119,1.289941821245321419301761112,0.5947671981632415,1.465340358605376608696886911,False
192.168.1.19,54.192.171.71,65427,443,2021-09-30 15:52:46,19.126571,1811,94.68503266999610123529199249,9935,519.4344558677036254956520957,310840.5850178358,557.530792887564,405.0344827586207,66.0,54,1.824300040914474,0.6296234884902816,1.3765020427157633,53.02651390346167895362663497,7.281930643961234471325262200,4.188403103448275862068965517,0.384184,0.05932,1.567257073480798059524830881,0.5670313691977341,1.738593555612181711822130579,0.0001452925329375,0.01205373522761720529737910501,0.01955275,0.027304,0.0,-1.929173783967115152310504904,1.6221320305096172,0.6164726305822559638607922164,False
192.168.1.19,52.13.148.70,65430,443,2021-09-30 15:52:46,18.959404,2204,116.2483799596232033454216177,4190,220.9985081809533675214685019,178677.3922902494,422.70248673298505,304.4761904761905,89.0,54,1.5292755347259428,0.5925590653892051,1.388294060274114,41.14827006851415419501133786,6.414691736047349157528487034,3.235245809523809523809523810,0.574038,0.553837,1.244584113638301661667637005,0.41801054826308137,1.982752505903567499708025832,0.0115523133472,0.1074816884273781772823845750,0.213937,0.273735,0.0,-1.669065704352147330524246123,1.990450681694958,0.5023987829472142606579720899,False
192.168.1.19,54.192.171.71,65431,443,2021-09-30 15:52:46,0.058173,907,15591.42557543877743970570540,3106,53392.46729582452340432846853,275955.24305555556,525.3144230416252,334.4166666666667,54.0,54,1.6014218591773568,0.5338072863924523,1.5708380454770752,0.0004861522206666666666666666667,0.02204885984958557140918320354,0.035888,0.046077,0.056173,-1.386330187071987528000683882,-0.9200022195424891,0.6143797327682114191145564963,0.0000777520231875,0.008817710767965798956221719331,0.00862125,0.006456,0.0,0.7366707948279116099608598799,0.9777197536712671,1.022787967866121381031952365,False
192.168.1.19,54.192.171.71,65432,443,2021-09-30 15:52:46,5.745515,1103,191.9758281024416436124524956,4423,769.8178492267446869427718838,255571.93771626303,505.5412324590973,325.05882352941177,54.0,54,1.608526502640966,0.536175500880322,1.5552299948976933,6.771520665907003460207612459,2.602214569536302373403550071,1.704698764705882352941176471,0.028910,0.010477,1.931956862040585250600020214,0.6510692025707094,1.526495251485250864845238008,0.00006655450380555555555555555557,0.008158094373415617429532695706,0.01100916666666666666666666667,0.010787,0.00011,0.08169800072084124282812383344,1.3359941878318111,0.7410274201876270468124468128,False
192.168.1.19,35.227.207.240,65433,443,2021-09-30 15:52:46,18.936127,3256,171.9464598014155692977766784,5035,265.8938652027418278299464299,130846.6474609375,361.72731091381183,259.09375,85.0,54,1.4438535168400461,0.5669844211704196,1.3961251898735954,38.5262529037535,6.206951981750261615278082454,2.492955,0.1244105,0.032108,1.144786284941795942131580189,0.3964662538449476,2.489797040760969056913615550,0.005371517707359375,0.07329063860657358878543587919,0.044499125,0.0135525,0.0,1.266735790069551936149844589,0.6071597388975238,1.647013027931978185760638646,False
192.168.1.19,52.202.62.233,65434,443,2021-09-30 15:52:46,18.867732,5190,275.0728068429210251661407953,48466,2568.724211261851715934909400,374354.1461176186,611.8448709580057,589.6263736263736,225.0,1466,1.7878373633603604,-1.4323461190439182,1.0376823329577032,15.73269615350320516845791571,3.966446287737072731588289815,5.586985120879120879120879121,4.414877,4.414877,0.8865175796048627302039756644,0.29550585986828776,0.7099439504347464919963033025,0.02706616666360664819944598338,0.1645179827970384768157916314,0.1577538421052631578947368421,0.011733,0.0,2.662702999806505835365729178,0.9588850982927498,1.042877819021750762096724643,False
192.168.1.19,35.227.207.240,65435,443,2021-09-30 15:52:46,0.089877,1191,13251.44363964084248472912981,4248,47264.59494642678327046964184,169860.19047619047,412.1409837375925,259.0,66.0,54,1.404859072129176,0.49740260757596044,1.591277929488774,0.00082739054975963718820861678,0.02876439726049612860562284274,0.04414704761904761904761904762,0.031316,0.026249,1.338221778420777068558505992,0.6222291903758429,0.6515587975148191980891562587,0.00001507052247222222222222222222,0.003882077082210272421656413639,0.008321166666666666666666666667,0.0088025,0.003067,-0.3719658238155987870858230281,1.35344212786089,0.4665303842262029469012454550,False
192.168.1.19,117.18.237.29,65436,80,2021-09-30 15:52:46,18.842102,1347,71.48883919639114574371797796,1880,99.77655359258749368833689575,68952.58984375,262.5882515341271,201.6875,54.5,54,1.6815775169690432,0.5624299607357182,1.301956003887832,55.64976618784449609375,7.459877089325567171864432177,4.9663445625,0.463020,0.011848,1.811018268227447454157159007,0.6641525729142981,1.502086090774650550006906046,6.9146624E-7,0.0008315444906918691142558813232,0.0120966,0.011913,0.010772,0.6623818763343840302776595901,1.592939421555057,0.06874200111534390773075751229,False
192.168.1.19,117.18.237.29,65437,80,2021-09-30 15:52:46,18.838102,815,43.26338184175879289750103275,1033,54.83567293562801602836633967,50527.5,224.78322891176734,154.0,54.5,54,1.3279460458198518,0.4448730471758297,1.4596313565699177,64.63472060900607638888888891,8.039572165793779127875942364,6.390955583333333333333333333,0.027261,0.010849,2.374639266406169626576409133,0.7935878242972896,1.257960888784737284195011009,0.0000046739685,0.002161936284907582562034537252,0.012279,0.0118225,0.00991,0.6334599264374448220406917092,1.0957769738812022,0.1760677811635786759536230354,False
192.168.1.19,224.0.0.251,5353,5353,2021-09-30 15:52:46,10.570624,2130,201.5018224089703692043156582,0,0E+6,0.0,0.0,71.0,71.0,71,-10,-10,0.0,7.840065668884076666666666667,2.800011726561886502319410327,5.7017307,5.7272845,5.647261,-0.02737895676391754287487866416,0.019453382813822116,0.4910810197615763407274584762,-1,-1,-1,nan,-1,nan,-0.0,1.0,False
fe80::c576:e922:2bc0:4471,ff02::fb,5353,5353,2021-09-30 15:52:46,10.571616,2730,258.2386647415116099563207744,0,0E+6,0.0,0.0,91.0,91.0,91,-10,-10,0.0,7.84065517396811222222222221,2.800116992907280690756056802,5.702250433333333333333333333,5.7272845,5.650263,-0.02682109361510054350545461609,0.01856616472276616,0.4910547205255647851891183106,-1,-1,-1,nan,-1,nan,-0.0,1.0,False
fe80::c576:e922:2bc0:4471,ff02::1:3,64296,5355,2021-09-30 15:52:46,0.413614,170,411.0112326952182469645611609,0,0E+6,0.0,0.0,85.0,85.0,85,-10,-10,0.0,0.042769135249,0.206807,0.206807,0.206807,0.0,0,1.0,1,-1,-1,-1,nan,-1,nan,-0.0,1.0,False
192.168.1.19,224.0.0.252,64296,5355,2021-09-30 15:52:46,0.414605,130,313.5514525874024674087384378,0,0E+6,0.0,0.0,65.0,65.0,65,-10,-10,0.0,0.04297432650625,0.2073025,0.2073025,0.2073025,0.0,0,1.0,1,-1,-1,-1,nan,-1,nan,-0.0,1.0,False
192.168.1.19,52.13.148.70,65440,443,2021-09-30 15:52:46,0.846728,1195,1411.315085836301622244687786,3919,4628.404871458130592114586975,202507.98765432098,450.00887508394874,284.1111111111111,60.0,54,1.4940446079155885,0.5113479396782654,1.5839186060835115,0.05937000076720061728395061728,0.2436596001950274424769533274,0.5628862777777777777777777778,0.537118,0.528976,0.3172656988333634935959803605,0.13917070269603854,0.4328753601117666026071340731,0.0177780005572,0.1333341687535494406511136759,0.164401,0.260854,0.000777,-2.170178902415042646625258152,1.2271723109658206,0.8110301564683270822629647989,False
192.168.1.19,23.63.111.227,65441,80,2021-09-30 15:52:46,18.603568,1876,100.8408709555070296192644336,3068,164.9146013280893213602895961,112773.2222222222,335.81724527221974,274.6666666666667,60.5,54,1.9132430184732696,0.6571034387700672,1.2226356017192466,54.23816433608124691358024693,7.364656430281133414223724414,6.221195444444444444444444444,1.9881575,0.001047,1.724332146862764913750372961,0.8445945175214373,1.183800846002644842303593701,0.00002794350913888888888888888888,0.005286162042435786785203791409,0.009858833333333333333333333333,0.010522,0.001047,-0.3763600101602763695780377840,1.6669623940005005,0.5361853541598012055385652199,False
192.168.1.19,192.168.1.255,137,137,2021-09-30 15:52:47,10.070885,1380,137.0286722567083230520455749,0,0E+6,0.0,0.0,92.0,92.0,92,-10,-10,0.0,7.735382877159093333333333333,2.781255629595937255355788103,5.2828848,5.396946,4.643717,-0.1230320565857920332419343687,0.22981267640359213,0.5264653186448315616035746422,-1,-1,-1,nan,-1,nan,-0.0,1.0,False
fe80::c576:e922:2bc0:4471,ff02::1:3,50129,5355,2021-09-30 15:52:47,0.412789,170,411.8326796498937713941020715,0,0E+6,0.0,0.0,85.0,85.0,85,-10,-10,0.0,0.04259868963025,0.2063945,0.2063945,0.2063945,0.0,0,1.0,1,-1,-1,-1,nan,-1,nan,-0.0,1.0,False
192.168.1.19,224.0.0.252,50129,5355,2021-09-30 15:52:47,0.413783,130,314.1743377567468939033261395,0,0E+6,0.0,0.0,65.0,65.0,65,-10,-10,0.0,0.04280409277225,0.2068915,0.2068915,0.2068915,0.0,0,1.0,1,-1,-1,-1,nan,-1,nan,-0.0,1.0,False
fe80::c576:e922:2bc0:4471,ff02::1:3,61074,5355,2021-09-30 15:52:47,0.412789,170,411.8326796498937713941020715,0,0E+6,0.0,0.0,85.0,85.0,85,-10,-10,0.0,0.04259868963025,0.2063945,0.2063945,0.2063945,0.0,0,1.0,1,-1,-1,-1,nan,-1,nan,-0.0,1.0,False
192.168.1.19,224.0.0.252,61074,5355,2021-09-30 15:52:47,0.411789,130,315.6956596703651627411125601,0,0E+6,0.0,0.0,65.0,65.0,65,-10,-10,0.0,0.04239254513025,0.2058945,0.2058945,0.2058945,0.0,0,1.0,1,-1,-1,-1,nan,-1,nan,-0.0,1.0,False
192.168.1.19,34.120.115.102,65444,443,2021-09-30 15:52:48,16.703619,2157,129.1336925249552207817958492,16908,1012.235731669885430217248130,353998.57409972296,594.9777929466973,501.7105263157895,93.0,54,2.0608022576352103,0.7524827508241116,1.1858985644885651,25.98416221863370429362880887,5.097466254781261844624115367,1.818152921052631578947368421,0.087186,0.096927,1.018721950005479358887335682,0.33766303395106856,2.803650999735517442589564820,0.0000855897604462809917355371901,0.009251473420287224266567405450,0.009535909090909090909090909091,0.007576,0.0,0.6355449565291761702173296703,1.0307449049140798,0.9701721495129364310237996086,False
192.168.1.19,20.198.162.78,64188,443,2021-09-30 15:52:49,0.133329,151,1132.536807446242002865093116,228,1710.055576806246203001597552,5476.222222222222,74.00150148626865,126.33333333333333,97.0,54,1.1891650606079773,0.9774576445148906,0.5857638640074035,0.003026747274888888888888888889,0.05501588202409272370029830253,0.07232033333333333333333333333,0.083632,0.0,-0.6168218839995890782319994417,1.3145355608706335,0.7607249509002916243052664193,0E-12,0.000000,0.083632,0.083632,0.083632,-10,-10,0,False
,,,,2021-09-30 15:52:49,0.000000,84,-1,0,-1,0.0,0.0,42.0,42.0,42,-10,-10,0.0,0E-12,0.000000,0.000000,0.000000,0.0,-10,-10,-1,-1,-1,-1,nan,-1,nan,-0.0,1.0,False
192.168.1.19,54.192.113.247,65445,443,2021-09-30 15:52:50,0.167048,1614,9661.893587471864374311575116,5622,33654.99736602653129639385087,202127.85185185185,449.5863119044572,268.0,54.0,54,1.427979417968653,0.4759931393228843,1.6775608653151388,0.002227183035506172839506172840,0.04719304011722674387753006969,0.1052018888888888888888888889,0.111006,0.073004,-0.3689597722478013836559054795,0.6822592655380932,0.4485949883187994035782739718,0.0001606452366913580246913580246,0.01267459019816254353880339967,0.01355744444444444444444444444,0.004036,0.001968,2.253669182730211848154319246,0.9143841546943731,0.9348804820923550968244637802,False
192.168.1.19,54.192.113.247,65446,443,2021-09-30 15:52:50,14.329539,28723,2004.460855300369397787325887,4331937,302308.1900959968077130743704,199668.44403241915,446.8427509006039,1294.7327790973873,1466.0,1466,-1.1498489382949142,-0.3832829794316381,0.34512353291319064,0.5050992124786104551853126541,0.7107033224057774553505304361,0.6733034578384798099762470309,0.758298,0.783901,-0.3587764661369870008888695888,-0.15561703269817317,1.055546817904906078705299979,0.000006770853434182693240699411996,0.002602086361784076766290816360,0.0008790440528634361233480176211,0.000000,0.0,1.013468344986906215665227858,0.33782278166230206,2.960131922066849881719806326,False
192.168.1.19,54.192.113.247,65447,443,2021-09-30 15:52:50,0.376179,1506,4003.413268683259831091049740,5730,15232.11024538849856052570718,202127.85185185185,449.5863119044572,268.0,54.0,54,1.427979417968653,0.4759931393228843,1.6775608653151388,0.007374900596444444444444444444,0.08587724143476223959865128564,0.1148336666666666666666666667,0.122001,0.074,-0.2503806554654445114004658778,0.4754888022071191,0.7478402800116304997545837511,0.00001710896158333333333333333333,0.004136298053009881121148166410,0.0099105,0.011002,0.001714,-0.7916499144971499014188468303,1.9816028475113416,0.4173652240562919248421539186,False
192.168.1.19,54.192.113.247,65448,443,2021-09-30 15:52:50,0.183058,1506,8226.900763692381649531842367,5622,30711.57775131379125741568246,214341.30560000002,462.97009147460057,285.12,54.0,54,1.4976345400446653,0.4992115133482217,1.6237727675175384,0.0027060403168256,0.05201961473161445858422059793,0.10655088,0.107005,0.078001,-0.02618935197864965763622629503,0.5488291319975707,0.4882138442368046006210422470,0.0002102354193877551020408163264,0.01449949721155030609983519826,0.01812857142857142857142857143,0.025999,0.0,-1.628420997624452336440525330,1.2502896592945443,0.7998146609996228739073789426,False
192.168.1.19,54.192.113.247,65449,443,2021-09-30 15:52:50,0.116002,1506,12982.53478388303649937070051,5622,48464.68164341994103549938794,214341.30560000002,462.97009147460057,285.12,54.0,54,1.4976345400446653,0.4992115133482217,1.6237727675175384,0.0011657701743744,0.03414337672776961877395167352,0.05661616,0.053002,0.032002,0.3175573431546843356511209952,0.7209058493614288,0.6030676882319397637344474355,0.0000378373699375,0.006151208819207814863239551239,0.00847575,0.010502,0.0,-0.9882203935295523762754770115,1.3778998972581706,0.7257421253821567251558329633,False
192.168.1.19,54.192.113.247,65450,443,2021-09-30 15:52:50,0.138002,1560,11304.18399733337198011623020,5622,40738.54002115911363603426037,208072.8698224852,456.15005187162393,276.2307692307692,54.0,54,1.461563590657965,0.48718786355265503,1.6513368628045422,0.001870301424096153846153846154,0.04324698167613728214915420156,0.0719295,0.0865035,0.011003,-1.010983849171717395125096949,1.4088035196596824,0.6012412386592049458032406948,0.0000558626914375,0.007474134828694221515555329001,0.00950725,0.0090035,0.0,0.2021973157612979406920289948,1.2720201358290157,0.7861510771983719283236823478,False
192.168.1.19,54.192.113.247,65451,443,2021-09-30 15:52:50,0.145001,1506,10386.13526803263425769477452,5622,38772.14639899035179067730567,214341.3056,462.97009147460057,285.12,54.0,54,1.4976345400446653,0.4992115133482217,1.6237727675175384,0.00222799059120,0.04720159521880590001380226790,0.0859436,0.110004,0.051001,-1.529211029106105513286273639,0.7402843026389557,0.5492159418363426714008055038,0.00003080407955102040816326530611,0.005550142300069468323655456569,0.01025114285714285714285714286,0.010003,0.003999,0.1341278351402366373036419085,1.1264833438711297,0.5414169305232347371106802861,False
192.168.1.19,54.192.113.247,65452,443,2021-09-30 15:52:50,0.165047,1560,9451.853108508485461716965470,5622,34063.02447181711876011075633,208072.8698224852,456.15005187162393,276.2307692307692,54.0,54,1.461563590657965,0.48718786355265503,1.6513368628045422,0.002399268665001479289940828403,0.04898233013037945798966714463,0.09894619230769230769230769231,0.1060045,0.063007,-0.4322971777896315914821116588,0.733717489797456,0.4950400716589420231630733877,0.0001395147395,0.01181163576732706400126556786,0.014642,0.0130235,0.001995,0.4110776945417767794932159460,1.0707238395365772,0.8066955175062876657058849788,False
192.168.1.19,54.192.113.247,65453,443,2021-09-30 15:52:50,0.180064,1614,8963.479651679402878976363959,5622,31222.23209525502043717789230,202127.85185185185,449.5863119044572,268.0,54.0,54,1.427979417968653,0.4759931393228843,1.6775608653151388,0.002716834052233196159122085049,0.05212325826570319231123175996,0.1134953703703703703703703704,0.123021,0.149998,-0.5482559962620817079062677130,-0.7003136573610583,0.4592544884924286983163801815,0.00015628216875,0.01250128668377779423844587294,0.0148805,0.014533,0.000981,0.08339141612941271966818557827,1.111845552509134,0.8401120045548062389332262316,False
192.168.1.19,54.192.113.247,65454,443,2021-09-30 15:52:50,0.180064,1614,8963.479651679402878976363959,5622,31222.23209525502043717789230,202127.85185185185,449.5863119044572,268.0,54.0,54,1.427979417968653,0.4759931393228843,1.6775608653151388,0.002242130389407407407407407407,0.04735113926197982628014479260,0.1199493333333333333333333333,0.123021,0.180064,-0.1946098899335058200568743772,-1.2695505874540847,0.3947595034179416832674750946,0.0001343101346666666666666666667,0.01158922493813398492303250844,0.01302966666666666666666666667,0.006997,0.0,1.561622981399652773313991498,1.1242914635121934,0.8894490729975684916241788051,False
192.168.1.19,54.192.113.247,65455,443,2021-09-30 15:52:50,0.109997,1506,13691.28248952244152113239452,5622,51110.48483140449284980499468,214341.30560000002,462.97009147460057,285.12,54.0,54,1.4976345400446653,0.4992115133482217,1.6237727675175384,0.0009729736305504,0.03119252523522903235097675387,0.05803764,0.057000,0.079998,0.09979698586519852379328850791,-0.7040263599818405,0.5374533705234918640898691585,0.00004819808334693877551020408164,0.006942483946466046781261572545,0.007714285714285714285714285714,0.007999,0.0,-0.1230313046064217430098048543,1.1111708393956805,0.8999516226900431012746482929,False
192.168.1.19,54.192.113.247,65456,443,2021-09-30 15:52:50,0.109001,1560,14311.79530463023275015825543,5622,51577.50846322510802653186668,208072.8698224852,456.15005187162393,276.2307692307692,54.0,54,1.461563590657965,0.48718786355265503,1.6513368628045422,0.0009554337655976331360946745565,0.03091009164654212305745003580,0.05596269230769230769230769231,0.0575025,0.033999,-0.1494470844585750864493974078,0.7105670393620254,0.5523338919541832123692988672,0.000033102659109375,0.005753491036698936233079019274,0.007125875,0.0049995,0.002001,1.108739886672356939454657059,0.8907418065502707,0.8074083585102090947538399528,False
192.168.1.19,54.192.113.247,65457,443,2021-09-30 15:52:50,0.189065,1614,8536.746621532277259143680745,5622,29735.80514637822970935921508,202127.85185185185,449.5863119044572,268.0,54.0,54,1.427979417968653,0.4759931393228843,1.6775608653151388,0.002448166126814814814814814815,0.04947894629855020280426538614,0.119129,0.123006,0.149002,-0.2350696785218484606395753640,-0.6037517415942892,0.4153392230149686709723525434,0.0001204480135555555555555555556,0.01097488102694309645952539753,0.01411766666666666666666666667,0.009997,0.005998,1.126390342606134531033644665,0.7398409738322503,0.7773863263719049271262057607,False
192.168.1.19,54.192.113.247,65458,443,2021-09-30 15:52:50,0.109001,1506,13816.38700562380161649893120,5622,51577.50846322510802653186668,214341.30560000002,462.97009147460057,285.12,54.0,54,1.4976345400446653,0.4992115133482217,1.6237727675175384,0.00097444771608,0.03121614511883233797573139558,0.055137,0.050999,0.033999,0.3976788278226826254933876153,0.67714959420943,0.5661560316816717988960479457,0.00003792158228571428571428571429,0.006158050201623423410193230539,0.008516,0.005006,0.001,1.709956829716005896187601150,1.2205161948856125,0.7231153360290539467112764841,False
192.168.1.19,54.192.171.21,65459,443,2021-09-30 15:52:50,14.260554,3220,225.7976793888933066695725846,44565,3125.053907442866525381832992,426770.23984375,653.276541629768,597.3125,89.0,54,2.33429092095615,0.8316730593824262,1.0936930695904874,9.8244713628604125,3.134401276617340280143966317,4.36897375,3.603261,3.603261,0.7328794392526159760471068379,0.24429314641753883,0.7174227761421867732997860921,0.0002503592284318181818181818182,0.01582274402345617742624128782,0.0112185,0.000000,0.0,2.127033082890548859049624632,0.7090110276301829,1.410415298253436504545285717,False
192.168.1.19,54.192.171.119,65460,443,2021-09-30 15:52:50,14.245536,3016,211.7154454560361926711637947,73333,5147.788050937500701974288647,453167.7145706372,673.1773277306933,803.6736842105263,984.0,1466,-0.8036202722276492,-0.9838809010728291,0.837625196589554,7.356915021779773518005540169,2.712363364628672593590286921,4.071180073684210526315789474,3.502409,3.462265,0.6290872540546310311195649189,0.22449612821974257,0.6662351739637303620105608161,0.00005771205080246913580246913583,0.007596844792574686779657118927,0.005617444444444444444444444444,0.0010015,0.0,1.822840101573286325148648087,0.739444413809145,1.352366697651604743495738876,False
fe80::c576:e922:2bc0:4471,ff02::1:3,52986,5355,2021-09-30 15:52:51,0.414751,170,409.8844849078121571738223657,0,0E+6,0.0,0.0,85.0,85.0,85,-10,-10,0.0,0.04300459800025,0.2073755,0.2073755,0.2073755,0.0,0,1.0,1,-1,-1,-1,nan,-1,nan,-0.0,1.0,False
192.168.1.19,224.0.0.252,52986,5355,2021-09-30 15:52:51,0.414751,130,313.4410766942092966623347502,0,0E+6,0.0,0.0,65.0,65.0,65,-10,-10,0.0,0.04300459800025,0.2073755,0.2073755,0.2073755,0.0,0,1.0,1,-1,-1,-1,nan,-1,nan,-0.0,1.0,False
192.168.1.19,15.206.9.63,50426,8080,2021-09-30 15:52:51,0.033047,54,1634.036372439253184857929615,54,1634.036372439253184857929615,0.0,0.0,54.0,54.0,54,-10,-10,0.0,0.00027302605225,0.0165235,0.0165235,0.0165235,0.0,0,1.0,1,0E-12,0.000000,0.033047,0.033047,0.033047,-10,-10,0,False
192.168.1.19,15.206.9.63,65461,8080,2021-09-30 15:52:51,0.197611,1216,6153.503600508068882805107003,1106,5596.854426120003441103987126,41524.26446280992,203.77503395364684,211.0909090909091,66.0,54,2.136045416494641,0.7709036089604722,0.965342538109438,0.004702844805520661157024793391,0.06857729074205732397981694318,0.08001254545454545454545454545,0.056059,0.027049,1.047878030555753900816437129,0.7723190123354318,0.8570817282774185000283891560,0.00009057890125,0.009517294849378157202916399692,0.0232875,0.0275275,0.007007,-1.336514230283734642024006712,1.7106226357023853,0.4086868427000818981391905396,False
fe80::c576:e922:2bc0:4471,ff02::1:3,64111,5355,2021-09-30 15:52:51,0.412755,170,411.8666036753037516202105365,0,0E+6,0.0,0.0,85.0,85.0,85,-10,-10,0.0,0.04259167250625,0.2063775,0.2063775,0.2063775,0.0,0,1.0,1,-1,-1,-1,nan,-1,nan,-0.0,1.0,False
192.168.1.19,224.0.0.252,64111,5355,2021-09-30 15:52:51,0.413757,130,314.1940801001554052257726153,0,0E+6,0.0,0.0,65.0,65.0,65,-10,-10,0.0,0.04279871376225,0.2068785,0.2068785,0.2068785,0.0,0,1.0,1,-1,-1,-1,nan,-1,nan,-0.0,1.0,False
192.168.1.19,54.192.171.85,65462,443,2021-09-30 15:52:51,0.205676,228,1108.539644878352360022559754,120,583.4419183570275579066103969,32.0,5.656854249492381,58.0,54.0,54,2.1213203435596424,0.7071067811865475,0.09753196981883415,0.009301486761916666666666666667,0.09644421580331640949822346990,0.1042215,0.1009865,0.012004,0.1006281187437087953512086618,0.9561745018287444,0.9253773530731798093313133077,0.00000342805225,0.0018515,0.0138555,0.0138555,0.012004,0,0.9999999999999994,0.1336292447042690628270361950,False
fe80::c576:e922:2bc0:4471,ff02::1:3,60085,5355,2021-09-30 15:52:51,0.420895,170,403.9012105156868102495871892,0,0E+6,0.0,0.0,85.0,85.0,85,-10,-10,0.0,0.04428815025625,0.2104475,0.2104475,0.2104475,0.0,0,1.0,1,-1,-1,-1,nan,-1,nan,-0.0,1.0,False
192.168.1.19,224.0.0.252,60085,5355,2021-09-30 15:52:51,0.420895,130,308.8656315708193254849784388,0,0E+6,0.0,0.0,65.0,65.0,65,-10,-10,0.0,0.04428815025625,0.2104475,0.2104475,0.2104475,0.0,0,1.0,1,-1,-1,-1,nan,-1,nan,-0.0,1.0,False
192.168.1.44,239.255.255.250,46450,1900,2021-09-30 15:52:51,0.621037,501,806.7152198661271389627349095,0,0E+6,0.0,0.0,167.0,167.0,167,-10,-10,0.0,0.06442527981088888888888888887,0.2538213541270491466859549634,0.3190073333333333333333333333,0.335985,0.0,-0.2006647556316546716831894230,1.256818341508239,0.7956599350706122116919620346,-1,-1,-1,nan,-1,nan,-0.0,1.0,False
192.168.1.19,142.250.194.8,65463,443,2021-09-30 15:52:52,0.572066,3767,6584.904538986760268920019718,121265,211977.2893337482038785734513,448137.66782401904,669.4308536540716,862.2896551724137,1466.0,1466,-2.7054788774624674,-0.901826292487489,0.7763410469307088,0.01713107011021070154577883472,0.1308857139271154434030389143,0.4386837586206896551724137931,0.455168,0.533217,-0.3778313358589242510093484904,-0.7222579038072241,0.2983600631549400529348514679,0.0001201332415540166204986149584,0.01096053107992567212804297042,0.005138842105263157894736842105,0.0009985,0.0,1.133250407778023998396900932,0.4688497361843169,2.132879519434930769094168643,False
fe80::c576:e922:2bc0:4471,ff02::1:3,53225,5355,2021-09-30 15:52:52,0.441706,170,384.8713850389172888754058129,0,0E+6,0.0,0.0,85.0,85.0,85,-10,-10,0.0,0.048776047609,0.220853,0.220853,0.220853,0.0,0,1.0,1,-1,-1,-1,nan,-1,nan,-0.0,1.0,False
192.168.1.19,224.0.0.252,53225,5355,2021-09-30 15:52:52,0.442708,130,293.6472799226578241188322777,0,0E+6,0.0,0.0,65.0,65.0,65,-10,-10,0.0,0.048997593316,0.221354,0.221354,0.221354,0.0,0,1.0,1,-1,-1,-1,nan,-1,nan,-0.0,1.0,False
fe80::c576:e922:2bc0:4471,ff02::1:3,60318,5355,2021-09-30 15:52:52,0.441706,170,384.8713850389172888754058129,0,0E+6,0.0,0.0,85.0,85.0,85,-10,-10,0.0,0.048776047609,0.220853,0.220853,0.220853,0.0,0,1.0,1,-1,-1,-1,nan,-1,nan,-0.0,1.0,False
fe80::c576:e922:2bc0:4471,ff02::1:3,53946,5355,2021-09-30 15:52:52,0.442708,170,384.0002891296294623092422093,0,0E+6,0.0,0.0,85.0,85.0,85,-10,-10,0.0,0.048997593316,0.221354,0.221354,0.221354,0.0,0,1.0,1,-1,-1,-1,nan,-1,nan,-0.0,1.0,False
192.168.1.19,224.0.0.252,60318,5355,2021-09-30 15:52:52,0.442708,130,293.6472799226578241188322777,0,0E+6,0.0,0.0,65.0,65.0,65,-10,-10,0.0,0.048997593316,0.221354,0.221354,0.221354,0.0,0,1.0,1,-1,-1,-1,nan,-1,nan,-0.0,1.0,False
192.168.1.19,224.0.0.252,53946,5355,2021-09-30 15:52:52,0.442703,130,293.6505964495384038508887448,0,0E+6,0.0,0.0,65.0,65.0,65,-10,-10,0.0,0.04899648655225,0.2213515,0.2213515,0.2213515,0.0,0,1.0,1,-1,-1,-1,nan,-1,nan,-0.0,1.0,False
fe80::c576:e922:2bc0:4471,ff02::1:3,50118,5355,2021-09-30 15:52:52,0.441707,170,384.8705137115780370245434191,0,0E+6,0.0,0.0,85.0,85.0,85,-10,-10,0.0,0.04877626846225,0.2208535,0.2208535,0.2208535,0.0,0,1.0,1,-1,-1,-1,nan,-1,nan,-0.0,1.0,False
192.168.1.19,224.0.0.252,50118,5355,2021-09-30 15:52:52,0.441707,130,294.3127457794420283128861440,0,0E+6,0.0,0.0,65.0,65.0,65,-10,-10,0.0,0.04877626846225,0.2208535,0.2208535,0.2208535,0.0,0,1.0,1,-1,-1,-1,nan,-1,nan,-0.0,1.0,False
192.168.1.19,3.235.82.191,65226,443,2021-09-30 15:52:52,11.541223,409,35.43818536389081122511886305,357,30.93259700466752960236536457,8908.888888888889,94.38691058027531,127.66666666666667,69.0,54,1.8646653324913458,0.7804754516677793,0.7393230593755246,28.22807417995225,5.313009898348792837490620421,7.6833065,11.3350115,11.541223,-2.061941387198373635105871061,-0.7261263528229047,0.6915004494938205104131431462,0.00085401295225,0.0292235,0.3765935,0.3765935,0.34737,0,1.0000000000000004,0.07759958682239603179555674753,False
192.168.1.19,142.250.77.195,65464,80,2021-09-30 15:52:52,13.018188,3381,259.7135638231680169313886080,4977,382.3112709695081988368888205,84606.37098692034,290.8717431909128,288.2068965517241,54.0,54,2.415568738122525,0.805189579374175,1.0092462972644738,17.16818467827375980975029726,4.143450817648709560913978766,4.772795413793103448275862069,3.133217,0.010002,1.187110806390735110506227393,1.1494750688258086,0.8681392053123366014258482973,0.00001714229975,0.004140326043924560296777717834,0.015601,0.015899,0.010002,-0.2159250239028492606611478570,1.3523089584251153,0.2653885035526286966718619213,False
fe80::c576:e922:2bc0:4471,ff02::1:3,65218,5355,2021-09-30 15:52:52,0.429607,170,395.7104981995172331921965890,0,0E+6,0.0,0.0,85.0,85.0,85,-10,-10,0.0,0.04614054361225,0.2148035,0.2148035,0.2148035,0.0,0,1.0,1,-1,-1,-1,nan,-1,nan,-0.0,1.0,False
192.168.1.19,224.0.0.252,65218,5355,2021-09-30 15:52:52,0.429874,130,302.4141957876028789831438980,0,0E+6,0.0,0.0,65.0,65.0,65,-10,-10,0.0,0.046197913969,0.214937,0.214937,0.214937,0.0,0,1.0,1,-1,-1,-1,nan,-1,nan,-0.0,1.0,False
fe80::c576:e922:2bc0:4471,ff02::1:3,60518,5355,2021-09-30 15:52:52,0.428605,170,396.6355968782445375112282871,0,0E+6,0.0,0.0,85.0,85.0,85,-10,-10,0.0,0.04592556150625,0.2143025,0.2143025,0.2143025,0.0,0,1.0,1,-1,-1,-1,nan,-1,nan,-0.0,1.0,False
192.168.1.19,224.0.0.252,60518,5355,2021-09-30 15:52:52,0.429607,130,302.6021456819837665587385680,0,0E+6,0.0,0.0,65.0,65.0,65,-10,-10,0.0,0.04614054361225,0.2148035,0.2148035,0.2148035,0.0,0,1.0,1,-1,-1,-1,nan,-1,nan,-0.0,1.0,False
192.168.1.19,142.250.194.8,60519,443,2021-09-30 15:52:52,0.161278,3254,20176.34147248849812125646399,7186,44556.60412455511601086322995,358179.06122448976,598.4806272758457,745.7142857142857,699.0,1399,0.23416440024258925,-1.0915737026599,0.8025602281476858,0.002175717773596938775510204082,0.04664458997136686992736293688,0.09396921428571428571428571429,0.091304,0.082304,0.1714162963389975611855814457,0.2500871868071958,0.4963816109980823347031445073,0.00007597190625,0.008716186451080541221030926356,0.0203025,0.0159655,0.013991,1.492739981300770925789865682,0.724112550302038,0.4293159192749927950267664749,False
192.168.1.19,34.120.237.76,65465,443,2021-09-30 15:52:52,12.695869,3502,275.8377547846468800205799225,38772,3053.906747147438273031960238,395382.6916502302,628.7946339228971,541.974358974359,87.0,54,2.17069771796183,0.7760472698852492,1.16019258754757,11.47575931840196794871794872,3.387589012616785535307658555,2.1392025,1.0301785,2.039575,0.9821356686447514447984051421,0.029409559314588007,1.583575660844069476969879455,0.00008575052807248520710059171592,0.009260158101916252223432324192,0.005477653846153846153846153846,0.0010045,0.0,1.449161168823303367754490146,0.5915291926841214,1.690533641226399271229544014,False
192.168.1.19,172.217.166.238,65466,443,2021-09-30 15:52:54,0.238991,2233,9343.448079634797963103213092,27248,114012.6615646614307651752576,416470.27734375,645.3450839231286,614.1875,171.0,54,2.0602349550994226,0.8680433367440475,1.0507297591096019,0.002917678286748263888888888888,0.05401553745681203428757594521,0.1277540416666666666666666667,0.134992,0.134992,-0.4019931305388059044740590890,-0.13399771017960174,0.4228088344770204018013202729,0.00003957334254545454545454545455,0.006290734658643181514566098242,0.006652,0.003968,0.0,1.279977687333691703842630017,1.057428163952275,0.9456907183769064213118006978,False
192.168.1.19,54.192.171.21,65467,443,2021-09-30 15:52:54,10.690256,2990,279.6939568145047228055156022,12695,1187.530027344527577262883134,203448.08131377556,451.0521935583238,280.0892857142857,66.0,54,1.423932454636889,0.5012486114537674,1.6103871749611813,12.02436183671848979591836735,3.467616160522743006775742316,1.514737285714285714285714286,0.1507695,0.044979,1.180033535351272230918259880,0.4238526462204282,2.289252527963991214264330817,0.00002897421002366863905325443788,0.005382769735337806464624881885,0.006784769230769230769230769231,0.006993,0.0,-0.1160540648044466050284715114,1.2604606112402166,0.7933607691366577179669788044,False
192.168.1.19,172.217.166.238,60520,443,2021-09-30 15:52:54,2.219259,7401,3334.896918295701403035878192,68896,31044.59641709237182320765625,355253.35875660955,596.031340414755,965.7848101265823,1399.0,1399,-2.1804987112185747,-0.7268329037395249,0.6171471472373179,0.7889454853984348662073385677,0.8882260328308526142797301515,1.708211367088607594936708861,2.189478,2.180107,-1.625487032993913720769082595,-0.5312787685443315,0.5199743134508593519597994340,0.0003134514301728395061728395062,0.01770455958709053869959536624,0.009027222222222222222222222222,0.001001,0.0,1.360026299904340662210782058,0.5098812075960656,1.961241138332387818282457950,False
192.168.1.19,54.192.171.53,65468,443,2021-09-30 15:52:54,10.656294,2479,232.6324705380688633402944776,28684,2691.742551397324435680922467,434792.4543895748,659.3879392205887,577.0925925925926,81.5,54,2.254784610612051,0.7933002129382284,1.1426033667461986,9.297213421451432098765432098,3.049133224615059698419253731,1.090024444444444444444444444,0.1321355,0.132642,0.9424536816347608877495678528,0.3139851144304493,2.797307198160238739373152038,0.0002002657366920415224913494809,0.01415152771583483570613395538,0.01008388235294117647058823529,0.001066,0.0,1.911712120561505318273752209,0.7125649297678178,1.403380882533525877079773439,False
192.168.1.19,172.217.166.228,65469,443,2021-09-30 15:52:54,0.956410,3080,3220.376198492278416160433287,7809,8164.908355203312386947020629,169980.33616780041,412.2867159729991,259.26190476190476,54.0,54,1.493586114780478,0.4978620382601594,1.59023253474754,0.06540470300758503401360544212,0.2557434319930524315743857958,0.3283497142857142857142857143,0.246659,0.246659,0.9582734576886437011629644234,0.31942448589621464,0.7788751470345933521318300743,0.0001334855598024691358024691358,0.01155359510293091134005028853,0.01580744444444444444444444444,0.014127,0.000738,0.4363432583901481824616785131,1.3043078202231295,0.7308958221258492978726802196,False
192.168.1.19,54.192.171.107,65470,443,2021-09-30 15:52:54,10.374259,3970,382.6779339131594844508894563,81113,7818.678905163250695784633871,453558.5408587257,673.4675499671278,746.3421052631579,432.5,1466,1.3980277384343611,-1.068585850605525,0.9023577059606803,6.058615860688461680517082181,2.461425574883072039564594601,0.7450386842105263157894736842,0.136008,0.134435,0.7422901879608419300258127915,0.24806912321106137,3.303755398273446680919591771,0.00002825045385416666666666666667,0.005315115601204424101821607535,0.00378225,0.000416,0.0,1.900005711580682709398364154,0.7116025847383128,1.405278762959726115889115615,False
192.168.1.19,54.192.171.107,65471,443,2021-09-30 15:52:54,0.094084,228,2423.366353471366013349772544,120,1275.455975511245270184090812,32.0,5.656854249492381,58.0,54.0,54,2.1213203435596424,0.7071067811865475,0.09753196981883415,0.001105338374333333333333333333,0.03324662951839379060958648154,0.052572,0.0445875,0.038089,0.7204790484625714989841405972,0.4356231055538199,0.6324018397320587120441771578,0.00000602457025,0.0024545,0.0405435,0.0405435,0.038089,0,1.0000000000000022,0.06053991391961720127764006561,False
192.168.1.19,216.58.200.170,65472,443,2021-09-30 15:52:54,5.675318,2037,358.9226189616158953559959107,8217,1447.848384883454988777721354,172760.8055555556,415.6450475532646,284.8333333333333,81.5,54,1.467598383743112,0.5553616834656311,1.4592570423169033,2.286210235349033950617283951,1.512021903065241297504215957,5.001271722222222222222222222,5.424936,5.26577,-0.8405915488107132598976933744,-0.17493018933229346,0.3023274852967601690893917996,0.00004081015824691358024691358026,0.006388282887201660252328217960,0.009042444444444444444444444444,0.009778,0.0,-0.3454240686628829876080392178,1.4154733915368956,0.7064774272543675784688747099,False
fe80::c576:e922:2bc0:4471,ff02::1:3,53152,5355,2021-09-30 15:52:54,0.424282,170,400.6769082826987711003530671,0,0E+6,0.0,0.0,85.0,85.0,85,-10,-10,0.0,0.045003803881,0.212141,0.212141,0.212141,0.0,0,1.0,1,-1,-1,-1,nan,-1,nan,-0.0,1.0,False
192.168.1.19,224.0.0.252,53152,5355,2021-09-30 15:52:54,0.424282,130,306.3999886867696484885052866,0,0E+6,0.0,0.0,65.0,65.0,65,-10,-10,0.0,0.045003803881,0.212141,0.212141,0.212141,0.0,0,1.0,1,-1,-1,-1,nan,-1,nan,-0.0,1.0,False
192.168.1.19,172.217.166.228,53153,443,2021-09-30 15:52:55,1.237093,9507,7684.951737662406949194603801,37479,30296.02463193955506982902660,396611.7732426304,629.7712070606518,745.8095238095239,651.0,1399,0.45163794127091444,-1.0371869480015286,0.8444129324654378,0.1401381722674230284706475182,0.3743503336013246141670404586,0.6357445396825396825396825397,0.847696,0.123008,-1.698554332342475634563835715,1.3696703159041217,0.5888376702193261587232215339,0.0007934694403288888888888888887,0.02816858960489305167172705967,0.02654073333333333333333333333,0.012001,0.0,1.548504934461577918042271282,0.9422102315240891,1.061334261232158305286480140,False
192.168.1.19,142.250.194.67,65473,443,2021-09-30 15:52:55,10.187636,4545,446.1290136396706753166289019,151273,14848.68521019007746252418127,465499.8490122448,682.2754934864982,890.3885714285715,1466.0,1466,-2.530992688730448,-0.8436642295768161,0.7662671280605398,3.115008748551733681632653061,1.764938737903311385537537103,0.8190071942857142857142857143,0.526757,0.508765,0.4967597820979856991470184164,0.17578071556991928,2.154973424186558113325688582,0.00009026730929454545454545454545,0.009500910971825041501368987619,0.0048574,0.001994,0.0,0.9041448788936391930813841993,0.5112562378917794,1.955966354804018919868445592,False
192.168.1.19,54.192.171.55,65474,443,2021-09-30 15:52:55,0.292770,1608,5492.366021108720155753663285,11113,37958.12412473955664856371896,347969.32936979784,589.8892517835851,438.6551724137931,66.0,54,1.8952125570369462,0.6520803205868768,1.344767573439507,0.006590041348187871581450653986,0.08117906964352247108998923841,0.1800421379310344827586206897,0.197670,0.135615,-0.6514436102695135598034103418,0.5472733073454169,0.4508892783455964258194131399,0.000385386982234375,0.01963127561403932304335071860,0.023684375,0.028928,0.0,-0.8013170060507963981679441615,1.2064613357606828,0.8288703254377336553466459892,False
192.168.1.19,54.192.171.55,65475,443,2021-09-30 15:52:55,0.210799,1614,7656.582811113904714918002457,6791,32215.52284403626203160356548,239392.36096938766,489.2773865297554,300.17857142857144,54.0,54,1.5094417494416539,0.5031472498138847,1.6299544108070376,0.004133990660811224489795918368,0.06429611699637252969555501950,0.1396122142857142857142857143,0.1582765,0.210799,-0.8708590776331976361902792269,-1.1071708376775213,0.4605336096510259365035960694,0.00002374142950,0.004872517778315436788120067854,0.0059055,0.006260,0.0,-0.2182649809371616407582236007,1.2120017347667211,0.8250813272907352109254200075,False
192.168.1.19,54.192.171.55,65476,443,2021-09-30 15:52:55,0.284874,1506,5286.547736894205859432591251,6737,23649.05186152474427290661836,259974.2816,509.8767317695523,329.72,66.0,54,1.5516691598266121,0.5407581535307567,1.5463930964744397,0.00432350983280,0.06575340168234644269125586482,0.1837682,0.161259,0.239114,1.026982608842424289970739242,-0.8417176691082023,0.3578062019563038800578982915,0.0008873180611020408163265306121,0.02978788446838816407602262661,0.02849057142857142857142857143,0.033902,0.0,-0.5449962628770783211196258788,0.9564482989319538,1.045534819933998959716790448,False
192.168.1.19,54.192.171.55,65477,443,2021-09-30 15:52:55,0.208794,1452,6954.222822494899278714905601,6715,32160.88584921022634750040710,268042.5399305555,517.7282491139106,340.2916666666667,60.0,54,1.6241628720069912,0.5529767154035993,1.5214250004571879,0.003485544720722222222222222223,0.05903850201963310503573382849,0.1221211666666666666666666667,0.101005,0.101005,1.073003173063801923693163724,0.3576677243546007,0.4834420078935246418030220953,0.00003332404033333333333333333333,0.005772697838388333082295527101,0.008689,0.010544,0.0,-0.9640206634396925599780345259,1.505188777111858,0.6643684933120420166066897343,False
192.168.1.19,54.192.171.55,65478,443,2021-09-30 15:52:55,0.458746,1560,3400.574609914854843420978058,7127,15535.83028516869901862904527,243603.45130315502,493.56200350427605,321.74074074074076,66.0,54,1.5544596560816404,0.5424662734160839,1.5340363870859275,0.02956691456849657064471879287,0.1719503258749356678424608096,0.2590698518518518518518518519,0.389006,0.428746,-2.266982876949957884713564147,-0.9867742168256107,0.6637218674647825613950594561,0.007136512367209876543209876542,0.08447788093465576828886136434,0.04455588888888888888888888889,0.026985,0.0,0.6239818764800727303627753918,0.5274266872692176,1.895998105779512658508171458,False
192.168.1.19,54.192.171.55,65479,443,2021-09-30 15:52:55,10.051609,47031,4678.952394586777102054009463,8623036,857876.1867876078347257638056,218558.46202986478,467.5023658013559,1288.4629216822707,1466.0,1466,-1.139269603567091,-0.3797565345223637,0.3628372675179239,0.1492875880567040424814431780,0.3863775201233943973580774067,0.8296186235696240154554911577,0.835564,1.1277,-0.04616244052043133126619221949,-0.7714770164040081,0.4657290821907018924841677767,0.000002607816956379176782824864373,0.001614873665764346032369237849,0.0006102175525339925834363411619,0.000000,0.0,1.133619735346603725426026730,0.37787324511553455,2.646390060493037681725525801,False
192.168.1.19,142.250.77.195,65480,80,2021-09-30 15:52:55,5.224894,228,43.63724890878169011658418333,120,22.96697310988510006136009649,32.0,5.656854249492381,58.0,54.0,54,2.1213203435596424,0.7071067811865475,0.09753196981883415,6.793633229209333333333333333,2.606459903625861138355987049,2.614791,2.6134765,5.224894,0.001512971672617781232245978533,-1.0013977181728637,0.9968138576375171623108642522,2.79841E-7,0.000529,0.011476,0.011476,0.010947,0,1.0,0.04609620076681770651795050540,False
192.168.1.19,142.250.194.67,53154,443,2021-09-30 15:52:55,0.460743,6210,13478.22972893782434025042160,179592,389787.7992720453701955319994,314626.97027348395,560.9161882790369,1067.8275862068965,1399.0,1399,-1.771240092798087,-0.590413364266029,0.5252872238218772,0.009699570588701149425287356322,0.09848639798825596924130291608,0.414829,0.444745,0.459742,-0.9112730471745145831771522200,-0.45603251735692113,0.2374144478526235370268301302,0.00004380330087277051129607609976,0.006618406218476659150558722612,0.003858241379310344827586206897,0.001070,0.0,1.263857772068925780568823778,0.5829562665010287,1.715394545807211748842182482,False
192.168.1.19,99.86.47.84,60444,443,2021-09-30 15:52:55,0.287584,421,1463.920106820963614109268944,922,3206.019806387003449426950039,110758.1875,332.80352687434066,335.75,210.5,54,1.1290445252458967,0.8465955954438628,0.9912242051357876,0.0158640762786875,0.1259526747579720912692901973,0.13565275,0.1275135,0.0,0.1938644816151829650500544842,1.0770136502513135,0.9284933387489165628362874862,0E-12,0.000000,0.023017,0.023017,0.023017,-10,-10,0,False
192.168.1.19,20.198.162.78,64214,443,2021-09-30 15:52:55,0.126990,151,1189.070005512245058666036696,228,1795.416961965509095204346799,5476.222222222222,74.00150148626865,126.33333333333333,97.0,54,1.1891650606079773,0.9774576445148906,0.5857638640074035,0.002728225352,0.05223241667776822290424241549,0.067994,0.076992,0.0,-0.5168054958385546917522815262,1.3017586457748644,0.7681915562809692458782012456,0E-12,0.000000,0.076992,0.076992,0.076992,-10,-10,0,False
192.168.1.19,99.86.47.84,60443,443,2021-09-30 15:52:55,0.316348,421,1330.812902246892662510905711,922,2914.511866678468016235285192,110758.1875,332.80352687434066,335.75,210.5,54,1.1290445252458967,0.8465955954438628,0.9912242051357876,0.01912425089875,0.1382904584515866011379814133,0.1551695,0.152165,0.0,0.06517803253328204191379846520,1.1220549974120049,0.8912219118550140403750828178,0E-12,0.000000,0.037224,0.037224,0.037224,-10,-10,0,False
fe80::c576:e922:2bc0:4471,ff02::1:3,52193,5355,2021-09-30 15:52:55,0.424968,170,400.0301199149112403757459385,0,0E+6,0.0,0.0,85.0,85.0,85,-10,-10,0.0,0.045149450256,0.212484,0.212484,0.212484,0.0,0,1.0,1,-1,-1,-1,nan,-1,nan,-0.0,1.0,False
192.168.1.19,224.0.0.252,52193,5355,2021-09-30 15:52:55,0.424963,130,305.9089850175191722573494634,0,0E+6,0.0,0.0,65.0,65.0,65,-10,-10,0.0,0.04514838784225,0.2124815,0.2124815,0.2124815,0.0,0,1.0,1,-1,-1,-1,nan,-1,nan,-0.0,1.0,False
fe80::c576:e922:2bc0:4471,ff02::1:3,51474,5355,2021-09-30 15:52:55,0.423968,170,400.9736583893124009359196921,0,0E+6,0.0,0.0,85.0,85.0,85,-10,-10,0.0,0.044937216256,0.211984,0.211984,0.211984,0.0,0,1.0,1,-1,-1,-1,nan,-1,nan,-0.0,1.0,False
192.168.1.19,224.0.0.252,51474,5355,2021-09-30 15:52:55,0.424963,130,305.9089850175191722573494634,0,0E+6,0.0,0.0,65.0,65.0,65,-10,-10,0.0,0.04514838784225,0.2124815,0.2124815,0.2124815,0.0,0,1.0,1,-1,-1,-1,nan,-1,nan,-0.0,1.0,False
192.168.1.19,192.168.1.1,51711,53,2021-09-30 15:53:00,0.014777,86,5819.855180347837856127766123,142,9609.528321039453204303985924,784.0,28.0,114.0,114.0,86,0.0,1.0,0.24561403508771928,0.00005458993225,0.0073885,0.0073885,0.0073885,0.0,0,1.0,1,0E-12,0.000000,0.014777,0.014777,0.014777,-10,-10,0,False
192.168.1.19,216.58.200.170,51712,443,2021-09-30 15:53:00,0.170946,6010,35157.30113603126133398851099,10119,59194.13148011652802639429995,354844.7191358025,595.6884413313745,896.0555555555555,1399.0,1399,-2.5329236369956476,-0.8443078789985491,0.6647896301050742,0.002163185420015432098765432098,0.04651005719213245709256549642,0.1030736111111111111111111111,0.1159755,0.084321,-0.8321999370324153327171888843,0.40319475492460316,0.4512314712831359614440483126,0.0002019695435555555555555555555,0.01421159890918525590639863293,0.01765066666666666666666666667,0.011804,0.005372,1.234203140131088861325461164,0.8639891081312958,0.8051593278356958702069024547,False
192.168.1.19,172.217.166.3,65481,443,2021-09-30 15:53:00,4.726333,3267,691.2335631027267862844196547,42223,8933.564351051861982640664549,428247.6525552369,654.4063359681329,590.7792207792207,93.0,54,2.281973110985255,0.8202537036642625,1.1077003268750547,2.020447990760611570247933886,1.421424634217590718285169443,0.8204994545454545454545454545,0.303504,4.726333,1.091149207843924067290776447,-2.7478302059992608,1.732389493183807767324078203,0.0001344427690656,0.01159494584142590982546438445,0.00764312,0.000996,0.0,1.719832095183609285175297814,0.659176860722626,1.517043542614260907255725993,False
192.168.1.19,172.217.166.3,65482,443,2021-09-30 15:53:00,0.416493,1452,3486.253070279692575865620791,5529,13275.13307546585416801722958,233821.67148760337,483.5511053524781,317.3181818181818,66.0,54,1.5592034370492451,0.5445508838744967,1.5238682592400112,0.02490719336703512396694214875,0.1578201297903253023647194750,0.2501426818181818181818181818,0.2670135,0.148412,-0.3206970784569535484004798740,0.6445988984633197,0.6309204356617480772380687550,0.0000546613098888888888888888889,0.007393328742108583452792792000,0.01122566666666666666666666667,0.0121145,0.0,-0.3606629832125538626547159850,1.518350807631624,0.6586093246526041618427525015,False
192.168.1.19,142.250.77.195,65483,80,2021-09-30 15:53:00,4.519157,762,168.6155183367163389101108902,929,205.5693130378077150229567152,54068.490000000005,232.5263210907531,169.1,54.0,54,1.4849931757413055,0.4949977252471019,1.375081733239226,4.14278513326161,2.035383289029761588309648898,1.4045397,0.109907,0.019451,1.908190030316795646002346184,0.6805050957553317,1.449146143060079817117058990,0.000001495056888888888888888888889,0.001222725189439102415389954790,0.02044233333333333333333333333,0.019711,0.019451,1.794352499604958644033021349,0.8107572673693632,0.05981338673532550501687453113,False
192.168.1.19,172.217.166.3,51713,443,2021-09-30 15:53:00,0.135524,3251,23988.37106342787993270564623,6980,51503.79268616628788996782858,361237.45408163266,601.0303270897673,730.7857142857143,596.0,1399,0.6727732772072748,-1.1117813121840756,0.8224440014912269,0.001371544685515306122448979594,0.03703437167706921043732947256,0.08319064285714285714285714286,0.086660,0.082474,-0.2810381534032034172784129321,0.019350749714125006,0.4451747264492906964318725885,0.00005406829525,0.007353114663188654506159467561,0.0196735,0.0167655,0.013409,1.186436006999089210450651207,0.8519518988819113,0.3737573214318069741611542207,False
192.168.1.44,239.255.255.250,43793,1900,2021-09-30 15:53:01,0.616314,501,812.8973218197217652041005072,0,0E+6,0.0,0.0,167.0,167.0,167,-10,-10,0.0,0.0633074847368888888888888889,0.2516097866476757077910416935,0.3085613333333333333333333333,0.309370,0.0,-0.009641914300404700201226749163,1.2263486943192945,0.8154287639659183083785882446,-1,-1,-1,nan,-1,nan,-0.0,1.0,False
